,Q1_B1,Q1_B5,Q1_L,Q1_VOL,Q1_NWESPMIN,Q1_99ESPMAX,Q1_NATURAL CHARGE,Q2_B1,Q2_B5,Q2_L,Q2_VOL,Q2_NWESPMIN,Q2_99ESPMAX,Q2_NATURAL CHARGE,Q3_B1,Q3_B5,Q3_L,Q3_VOL,Q3_NWESPMIN,Q3_99ESPMAX,Q3_NATURAL CHARGE,HOMO,LUMO,C0_nat_charge,C1_nat_charge,pert1,pert2,pert3,pi_orb_energy,pi*_orb_energy,AlkC1_RDF_1,AlkC1_RDF_2,AlkC1_RDF_3,AlkC1_RDF_4,AlkC1_RDF_5,AlkC1_RDF_6,AlkC1_RDF_7,AlkC1_RDF_8,AlkC1_RDF_9,AlkC1_RDF_10,AlkC2_RDF_1,AlkC2_RDF_2,AlkC2_RDF_3,AlkC2_RDF_4,AlkC2_RDF_5,AlkC2_RDF_6,AlkC2_RDF_7,AlkC2_RDF_8,AlkC2_RDF_9,AlkC2_RDF_10,ddG er (kcal/mol)
Ex_Tri_3,2.2355124950408936,4.766404151916504,11.56593894958496,122.23403930664062,78.93385314941406,494.8311462402344,-0.4794799983501434,2.2000627517700195,2.73477840423584,4.047037601470947,19.545366287231445,282.9092712402344,517.8987426757812,-0.6523900032043457,2.204713821411133,2.7319793701171875,4.0247907638549805,19.545366287231445,282.83258056640625,519.9103393554688,-0.6413000226020813,-6.280799865722656,-0.1102000027894973,-0.229090005159378,-0.0109099997207522,4.49,4.41,4.24,-0.2542800009250641,0.0734300017356872,154.13442993164062,41.23202896118164,34.38968276977539,51.36204528808594,50.9381103515625,40.81954574584961,17.453935623168945,8.603363037109375,0.4828489124774933,0.0,142.69537353515625,21.42472267150879,36.33966827392578,42.66999435424805,51.27266693115234,43.35403823852539,36.7491569519043,16.893648147583008,8.01673698425293,0.0,2.494054670518096
