,b1,b5,l,vol,espmin,espmax
hydrogen_test,0,0,0,0,82.18179015777437,154.4812493882816
