,Q1_B1,Q1_B5,Q1_L,Q1_VOL,Q1_NWESPMIN,Q1_99ESPMAX,Q1_NATURAL CHARGE,HOMO,LUMO,C0_nat_charge,C1_nat_charge,pert1,pert2,pert3,pi_orb_energy,pi*_orb_energy,AlkC1_RDF_1,AlkC1_RDF_2,AlkC1_RDF_3,AlkC1_RDF_4,AlkC1_RDF_5,AlkC1_RDF_6,AlkC1_RDF_7,AlkC1_RDF_8,AlkC1_RDF_9,AlkC1_RDF_10,AlkC2_RDF_1,AlkC2_RDF_2,AlkC2_RDF_3,AlkC2_RDF_4,AlkC2_RDF_5,AlkC2_RDF_6,AlkC2_RDF_7,AlkC2_RDF_8,AlkC2_RDF_9,AlkC2_RDF_10,ddG er (kcal/mol)
Ex_Mono_1,2.255342960357666,9.184555053710938,7.882229328155518,141.3839874267578,145.14845275878906,480.919677734375,-0.4665600061416626,-6.341000080108643,-0.1978999972343444,-0.1958300024271011,-0.4091399908065796,4.2,2.21,1.91,-0.2665899991989136,0.0579899996519088,120.8040008544922,62.3759994506836,29.81266593933105,59.921165466308594,2.1531667709350586,58.10066604614258,46.769832611083984,5.518499851226807,0.0,0.0,88.99333190917969,33.56266784667969,50.95633316040039,78.27400207519531,22.433000564575195,33.88083267211914,57.64566802978516,17.99916648864746,1.7109999656677246,0.0,0.6869551247139103
Ex_Mono_2,1.7010716199874878,4.296151638031006,7.417938709259033,87.8438491821289,95.11900329589844,521.4769287109375,-0.1004099994897842,-6.703800201416016,-1.697100043296814,-0.2273499965667724,-0.3631199896335602,2.37,17.19,1.52,-0.282829999923706,0.0357600003480911,151.1475067138672,2.2695000171661377,79.54100036621094,191.66000366210932,0.0,0.0,0.0,0.0,0.0,0.0,93.4990005493164,29.958999633789062,56.31650161743164,53.18349838256836,96.93250274658205,94.72750091552734,0.0,0.0,0.0,0.0,2.112330669903123
Ex_Mono_3,2.25786566734314,12.062627792358398,5.374266624450684,150.17420959472656,158.855224609375,443.1207275390625,-0.4539499878883362,-6.458700180053711,-0.1098000034689903,-0.2130199968814849,-0.4037899971008301,3.4,2.84,2.09,-0.2672300040721893,0.0562999993562698,115.77005767822266,28.401752471923828,34.759403228759766,46.11572647094727,37.93045425415039,46.8919792175293,37.06306838989258,30.57901382446289,22.034543991088867,0.0,90.2108383178711,26.189733505249023,39.32167434692383,41.16718292236328,40.70327377319336,40.94996643066406,42.62139129638672,34.236114501953125,44.14582824707031,0.0,1.0317674470834413
