,Q1_B1,Q1_B5,Q1_L,Q1_BFS2,Q1_NWESPMIN,Q1_99ESPMAX,Q1_NATURAL CHARGE,Q3_B1,Q3_B5,Q3_L,Q3_BFS2,Q3_NWESPMIN,Q3_99ESPMAX,Q3_NATURAL CHARGE,Q4_B1,Q4_B5,Q4_L,Q4_BFS2,Q4_NWESPMIN,Q4_99ESPMAX,Q4_NATURAL CHARGE,HOMO,LUMO,C0_nat_charge,C1_nat_charge,pert1,pert2,pert3,pi_orb_energy,pi*_orb_energy,AlkC1_RDF_1,AlkC1_RDF_2,AlkC1_RDF_3,AlkC1_RDF_4,AlkC1_RDF_5,AlkC1_RDF_6,AlkC1_RDF_7,AlkC1_RDF_8,AlkC1_RDF_9,AlkC1_RDF_10,AlkC2_RDF_1,AlkC2_RDF_2,AlkC2_RDF_3,AlkC2_RDF_4,AlkC2_RDF_5,AlkC2_RDF_6,AlkC2_RDF_7,AlkC2_RDF_8,AlkC2_RDF_9,AlkC2_RDF_10,ddG er (kcal/mol)
Ex_Tri_1,1.7256561517715454,3.880505323410034,7.516458988189697,49.89857864379883,222.333236694336,491.1364440917969,-0.0679700002074241,2.158393859863281,5.0258469581604,7.175075054168701,38.15998077392578,173.4252166748047,507.14111328125,0.8244699835777283,2.1908605098724365,2.735436201095581,4.016046047210693,19.545366287231445,287.8196105957031,518.7113037109375,-0.6657599806785583,-6.460299968719482,-1.6058000326156616,0.0469300001859664,-0.3238599896430969,6.04,5.78,2.98,-0.2682699859142303,0.0521799996495246,198.11366271972656,27.37491607666016,126.4278335571289,25.08283424377441,10.820917129516602,0.3768333196640014,0.0,0.0,0.0,0.0,175.07650756835938,69.17250061035156,72.33891296386719,65.9711685180664,5.637916564941406,0.0,0.0,0.0,0.0,0.0,1.7249256291987816
Ex_Tri_2,2.617556095123291,3.892836093902588,5.353631496429443,49.55385971069336,236.80194091796875,503.0062561035156,-0.2755599915981293,2.243842124938965,7.909196376800537,5.399620056152344,34.54961395263672,151.6045684814453,486.641845703125,-0.4379599988460541,2.826122283935547,5.108895301818848,8.231289863586426,47.58261489868164,184.83062744140625,473.0613098144531,-0.907480001449585,-5.887599945068359,-0.0988000035285949,0.3520199954509735,-0.2965500056743622,5.87,5.55,4.66,-0.2564899921417236,0.0734999999403953,186.40220642089844,158.4105224609375,135.6558074951172,87.9292221069336,67.01616668701172,30.63120079040528,10.24415111541748,1.0067182779312134,0.0,0.0,148.94122314453125,150.4594268798828,153.87506103515625,134.31484985351562,65.53532409667969,22.68257713317871,1.487521409988403,0.0,0.0,0.0,1.7249256291987816
