,Q1_B1,Q1_B5,Q1_L,Q1_VOL,Q1_NWESPMIN,Q1_99ESPMAX,Q1_NATURAL CHARGE,Q3_B1,Q3_B5,Q3_L,Q3_VOL,Q3_NWESPMIN,Q3_99ESPMAX,Q3_NATURAL CHARGE,HOMO,LUMO,C0_nat_charge,C1_nat_charge,pert1,pert2,pert3,pi_orb_energy,pi*_orb_energy,AlkC1_RDF_1,AlkC1_RDF_2,AlkC1_RDF_3,AlkC1_RDF_4,AlkC1_RDF_5,AlkC1_RDF_6,AlkC1_RDF_7,AlkC1_RDF_8,AlkC1_RDF_9,AlkC1_RDF_10,AlkC2_RDF_1,AlkC2_RDF_2,AlkC2_RDF_3,AlkC2_RDF_4,AlkC2_RDF_5,AlkC2_RDF_6,AlkC2_RDF_7,AlkC2_RDF_8,AlkC2_RDF_9,AlkC2_RDF_10,ddG er (kcal/mol)
Ex_Trans_1,2.25469708442688,6.669641971588135,6.431857585906982,85.5036392211914,167.0789337158203,494.8580627441406,-0.4692499935626983,2.1123602390289307,4.170919418334961,5.928098678588867,51.78534698486328,179.61659240722656,512.8324584960938,0.8228899836540222,-6.766300201416016,-1.1979000568389893,-0.1101799979805946,-0.3403399884700775,5.15,3.79,2.14,-0.2761699855327606,0.0456200018525123,138.0687713623047,85.29319763183594,60.09787368774414,73.07732391357422,4.706824779510498,0.0,0.0,0.0,0.0,0.0,147.47235107421875,60.50619888305664,46.3995246887207,62.69400024414063,37.8359260559082,6.07919979095459,0.2567999958992004,0.0,0.0,0.0,1.8866929384467663
