,Q1_B1,Q1_B5,Q1_L,Q1_VOL,Q1_NWESPMIN,Q1_99ESPMAX,Q1_NATURAL CHARGE,Q2_B1,Q2_B5,Q2_L,Q2_VOL,Q2_NWESPMIN,Q2_99ESPMAX,Q2_NATURAL CHARGE,Q3_B1,Q3_B5,Q3_L,Q3_VOL,Q3_NWESPMIN,Q3_99ESPMAX,Q3_NATURAL CHARGE,Q4_B1,Q4_B5,Q4_L,Q4_VOL,Q4_NWESPMIN,Q4_99ESPMAX,Q4_NATURAL CHARGE,HOMO,LUMO,C0_nat_charge,C1_nat_charge,pert1,pert2,pert3,pi_orb_energy,pi*_orb_energy,AlkC1_RDF_1,AlkC1_RDF_2,AlkC1_RDF_3,AlkC1_RDF_4,AlkC1_RDF_5,AlkC1_RDF_6,AlkC1_RDF_7,AlkC1_RDF_8,AlkC1_RDF_9,AlkC1_RDF_10,AlkC2_RDF_1,AlkC2_RDF_2,AlkC2_RDF_3,AlkC2_RDF_4,AlkC2_RDF_5,AlkC2_RDF_6,AlkC2_RDF_7,AlkC2_RDF_8,AlkC2_RDF_9,AlkC2_RDF_10,ddG er (kcal/mol)
Ex_Tetra_1,2.251885414123535,10.845708847045898,5.778428554534912,173.18191528320312,63.740047454833984,445.36376953125,-0.4408200085163116,2.4079842567443848,8.41234302520752,8.000614166259766,173.18191528320312,52.89352035522461,473.3968200683594,-0.2365099936723709,2.2002806663513184,2.7356109619140625,4.031834125518799,19.545366287231445,282.818115234375,518.9354858398438,-0.6489499807357788,1.7000000476837158,3.887471199035645,7.512232780456543,71.53355407714844,221.4747772216797,493.5024719238281,-0.0543899983167648,-6.304100036621094,-1.0819000005722046,-0.0431299991905689,-0.0105299996212124,5.37,4.96,4.55,-0.262499988079071,0.0766000002622604,236.72091674804688,113.42667388916016,173.6829071044922,68.69439697265625,50.41411972045898,51.190189361572266,23.41691398620605,16.235517501831055,7.380362033843994,0.0,188.0290069580078,185.58726501464844,108.0565185546875,142.1403045654297,53.04301834106445,33.82572555541992,19.070775985717773,10.15108585357666,1.258310317993164,0.0,1.2303251849846206
